CẤU HÌNH PHÍ TIKTOK SHOP (bản FREE — gộp gọn để đơn giản; sửa các số ở cột B theo % phí THẬT trong Kênh Người Bán TikTok Shop của bạn)
Khoan_muc,Muc_benchmark_2026,Don_vi,Ghi_chu_nguon
Phi_san_gop_pct,18.5,% trên doanh thu,"[benchmark 2026 — cần CEO xác minh]. Áp dụng cho TikTok Shop – Người bán THƯỜNG (Marketplace): gộp = hoa hồng nền tảng 12.5% + phí giao dịch/thanh toán 6.0% + phí dịch vụ cơ bản 0% (mặc định phổ biến; một số ngành hàng có thể khác: thời trang 12.5–13.5%, sức khoẻ & làm đẹp 12.5–14%, bách hoá 9–13%, mẹ & bé tới 12.5%). Nếu bạn là Shop Mall, gộp = 15.5+6.0+0 = 21.5% — sửa số 18.5 thành 21.5 ở ô B3. Nguồn: seller-vn.tiktok.com/university (mục Phí Hoa Hồng Nền Tảng), misaeshop.vn/13131/phi-san-tiktok-shop, cellphones.com.vn/sforum/phi-hoa-hong-tiktok-shop (truy cập 07/2026)."
Phi_xu_ly_don_VND,3000,VNĐ/đơn (cố định),"[benchmark 2026 — cần CEO xác minh]. Phí xử lý đơn cố định của TikTok Shop, không phụ thuộc giá trị đơn hàng. Nguồn: seller-vn.tiktok.com/university (truy cập 07/2026)."
Thue_GTGT_khoan_pct,1.0,% trên doanh thu,"Thông tư 40/2021/TT-BTC, Phụ lục I, nhóm 'phân phối, cung cấp hàng hoá' = GTGT 1% trên doanh thu. MẪU — cần kế toán rà theo tình trạng đăng ký kinh doanh cụ thể (hộ cá thể/DN)."
Thue_TNCN_khoan_pct,0.5,% trên doanh thu,"Thông tư 40/2021/TT-BTC, cùng nhóm hàng hoá = TNCN 0.5% trên doanh thu. Tổng thuế khoán = GTGT 1% + TNCN 0.5% = 1.5% trên doanh thu — KHÔNG dùng mức '5%+2%' (mức đó chỉ áp dụng nhóm DỊCH VỤ không bao thầu nguyên vật liệu, không áp dụng cho bán hàng hoá qua sàn TMĐT). MẪU — cần kế toán rà; 2026 có lộ trình cải cách thuế hộ kinh doanh (bỏ khoán → kê khai, nâng ngưỡng miễn thuế) — xem 00-huong-dan.md."

Ma_don,Ngay,SKU_San_pham,Doanh_thu_VND,Phi_san_gop_VND,Phi_xu_ly_don_VND,Gia_von_VND,Ads_phan_bo_VND,Thue_GTGT_VND,Thue_TNCN_VND,Tong_chi_phi_VND,LAI_THAT_VND,Bien_loi_nhuan_pct
=+'01-nhap-don'!A2,=+'01-nhap-don'!B2,=+'01-nhap-don'!C2,=('01-nhap-don'!D2*'01-nhap-don'!E2)-'01-nhap-don'!G2,=$D9*$B$3/100,=$B$4,=+'01-nhap-don'!D2*'01-nhap-don'!F2,=+'01-nhap-don'!H2,=$D9*$B$5/100,=$D9*$B$6/100,=SUM(E9:J9),=D9-K9,"=IF(D9=0,0,L9/D9)"
=+'01-nhap-don'!A3,=+'01-nhap-don'!B3,=+'01-nhap-don'!C3,=('01-nhap-don'!D3*'01-nhap-don'!E3)-'01-nhap-don'!G3,=$D10*$B$3/100,=$B$4,=+'01-nhap-don'!D3*'01-nhap-don'!F3,=+'01-nhap-don'!H3,=$D10*$B$5/100,=$D10*$B$6/100,=SUM(E10:J10),=D10-K10,"=IF(D10=0,0,L10/D10)"
=+'01-nhap-don'!A4,=+'01-nhap-don'!B4,=+'01-nhap-don'!C4,=('01-nhap-don'!D4*'01-nhap-don'!E4)-'01-nhap-don'!G4,=$D11*$B$3/100,=$B$4,=+'01-nhap-don'!D4*'01-nhap-don'!F4,=+'01-nhap-don'!H4,=$D11*$B$5/100,=$D11*$B$6/100,=SUM(E11:J11),=D11-K11,"=IF(D11=0,0,L11/D11)"
=+'01-nhap-don'!A5,=+'01-nhap-don'!B5,=+'01-nhap-don'!C5,=('01-nhap-don'!D5*'01-nhap-don'!E5)-'01-nhap-don'!G5,=$D12*$B$3/100,=$B$4,=+'01-nhap-don'!D5*'01-nhap-don'!F5,=+'01-nhap-don'!H5,=$D12*$B$5/100,=$D12*$B$6/100,=SUM(E12:J12),=D12-K12,"=IF(D12=0,0,L12/D12)"
=+'01-nhap-don'!A6,=+'01-nhap-don'!B6,=+'01-nhap-don'!C6,=('01-nhap-don'!D6*'01-nhap-don'!E6)-'01-nhap-don'!G6,=$D13*$B$3/100,=$B$4,=+'01-nhap-don'!D6*'01-nhap-don'!F6,=+'01-nhap-don'!H6,=$D13*$B$5/100,=$D13*$B$6/100,=SUM(E13:J13),=D13-K13,"=IF(D13=0,0,L13/D13)"
=+'01-nhap-don'!A7,=+'01-nhap-don'!B7,=+'01-nhap-don'!C7,=('01-nhap-don'!D7*'01-nhap-don'!E7)-'01-nhap-don'!G7,=$D14*$B$3/100,=$B$4,=+'01-nhap-don'!D7*'01-nhap-don'!F7,=+'01-nhap-don'!H7,=$D14*$B$5/100,=$D14*$B$6/100,=SUM(E14:J14),=D14-K14,"=IF(D14=0,0,L14/D14)"
