Ma_tra_cuu,San,Loai_nguoi_ban,Hoa_hong_hoac_phi_co_dinh_pct,Phi_giao_dich_hoac_thanh_toan_pct,Phi_dich_vu_co_ban_pct,Phi_freeship_xtra_pct_tuy_chon,Phi_voucher_xtra_pct_tuy_chon,Phi_xu_ly_don_VND,Ngay_cap_nhat,Ghi_chu_nguon
TikTok Shop - Thường,TikTok Shop,Thường (Marketplace),12.5,6.0,0,0,0,3000,07/2026 - benchmark AI (chưa xác minh),"[benchmark 2026 — cần CEO xác minh theo Kênh Người Bán thật của bạn]. Phí hoa hồng nền tảng mặc định 12.5% (Marketplace/người bán thường) áp dụng từ 09/05/2026; theo ngành có thể khác (thời trang 12.5–13.5%, sức khoẻ & làm đẹp 12.5–14%, bách hoá 9–13%, mẹ & bé tới 12.5%). Nguồn: seller-vn.tiktok.com/university (mục Phí Hoa Hồng Nền Tảng), misaeshop.vn/13131/phi-san-tiktok-shop, cellphones.com.vn/sforum/phi-hoa-hong-tiktok-shop (truy cập 07/2026)."
TikTok Shop - Mall,TikTok Shop,Mall,15.5,6.0,0,0,0,3000,07/2026 - benchmark AI (chưa xác minh),"[benchmark 2026 — cần CEO xác minh]. Phí hoa hồng Mall mặc định 15.5% từ 09/05/2026; theo ngành có thể 14.7–17.8% (thời trang, sức khoẻ & làm đẹp). Nếu bạn KHÔNG đăng ký Shop Mall, dùng dòng 'TikTok Shop - Thường' ở trên, KHÔNG dùng dòng này."
Shopee - Thường,Shopee,Thường (Shop thường),8.0,5.0,2.0,7.0,4.5,0,07/2026 - benchmark AI (chưa xác minh),"[benchmark 2026 — cần CEO xác minh theo ngành hàng thật, xem Kênh Người Bán Shopee > Tài chính > Phí]. Phí cố định dao động ~4–10% tuỳ ngành (vd mỹ phẩm ~10%, thời trang ~9.5%, điện tử/phụ kiện thường thấp hơn). Phí thanh toán/xử lý giao dịch 5% đã gồm VAT (đổi tên từ 24/04/2026). Phí dịch vụ cơ bản 2%/SP tối đa 50.000đ/SP (từ 01/06/2025) — áp dụng cho MỌI shop. Phí Freeship Xtra (~7%) và Voucher Xtra (~4–5%) CHỈ tính NẾU bạn chủ động ĐĂNG KÝ chương trình — để 0% nếu không tham gia. Nguồn: banhang.shopee.vn/edu/article/21087, misaeshop.vn/24423/phi-san-shopee, nhanh.vn/cach-tinh-gia-ban-tren-shopee (truy cập 07/2026)."
Shopee - Mall,Shopee,Shopee Mall,10.0,5.0,2.0,7.0,4.5,0,07/2026 - benchmark AI (chưa xác minh),[benchmark 2026 — cần CEO xác minh]. Phí cố định Shopee Mall dao động rộng 1.5–17.8% tuỳ ngành — sửa theo ngành hàng thật của bạn trong Kênh Người Bán.

Ma,Khoan_muc,Muc_benchmark_2026,Don_vi,Ghi_chu_nguon
COD_PCT,Phí thu hộ COD (qua đơn vị vận chuyển — nếu có),0,% trên giá trị COD của đơn,[benchmark — cần CEO xác minh với đối tác vận chuyển của bạn]. Nhiều ĐVVC (GHN/GHTK/J&T Express...) KHÔNG thu phí COD riêng cho seller phổ thông trên sàn; một số gói/hợp đồng riêng có thể thu ~0.5–1% giá trị COD hoặc phí cố định/đơn. Mặc định để 0% (KHÔNG bịa số) — kiểm tra hợp đồng/báo giá vận chuyển thật của bạn rồi điền lại ở đây.
THUE_GTGT_PCT,Thuế GTGT khoán (hộ/cá nhân KD bán hàng hoá online),1.0,% trên doanh thu,"Thông tư 40/2021/TT-BTC, Phụ lục I, nhóm 'phân phối, cung cấp hàng hoá' = GTGT 1% + TNCN 0.5%. LƯU Ý: mức này KHÁC với giả định phổ biến '5%+2%' — mức đó CHỈ áp dụng cho nhóm DỊCH VỤ KHÔNG bao thầu nguyên vật liệu, KHÔNG áp dụng cho bán lẻ hàng hoá qua sàn TMĐT. MẪU — cần kế toán rà soát theo tình trạng đăng ký cụ thể (hộ cá thể/DN) và cập nhật lộ trình thuế 2026."
THUE_TNCN_PCT,Thuế TNCN khoán (hộ/cá nhân KD bán hàng hoá online),0.5,% trên doanh thu,Xem ghi chú THUE_GTGT_PCT. Sàn TMĐT có thể khấu trừ thay tại nguồn theo quy định quản lý thuế đối với hoạt động kinh doanh trên nền tảng số (Nghị định 91/2022 và các văn bản sửa đổi). MẪU — cần kế toán xác nhận.
NGUONG_MIEN_THUE_NAM,Ngưỡng doanh thu miễn thuế GTGT/TNCN (hộ/cá nhân KD),1000000000,VNĐ/năm,"Theo lộ trình sửa đổi áp dụng từ 2026, ngưỡng miễn thuế hộ/cá nhân kinh doanh được nâng từ 500 triệu lên 1 tỷ đồng/năm; đồng thời có lộ trình bỏ phương pháp thuế khoán chuyển sang kê khai cho phần lớn hộ kinh doanh từ 01/01/2026. [CẦN KẾ TOÁN XÁC NHẬN thời điểm áp dụng chính thức và tình trạng đăng ký của bạn]. Nguồn: meinvoice.vn/tin-tuc/31295, xcyber.vn/cach-tinh-thue-ho-kinh-doanh-2026 (truy cập 07/2026)."
